决策门槛,Unnamed: 1,Unnamed: 2,Unnamed: 3,Unnamed: 4,Unnamed: 5,Unnamed: 6
阶段门用于组织验证与决策，不是商业施用指令；任何进入商品化的结论均受G3合规闭环约束。,,,,,,
,,,,,,
阶段门,核心问题,必要证据,继续条件,保持/补充条件,停止条件,责任接口
G0 数据可解释,现有小试是否具备可解释的设计与数据身份,补齐品种、采收成熟度、处理产品/浓度/方法、温湿度、取样方式和重复独立性；锁定原始数据版本,设计信息完整且数据主键、单位、重复和异常处理规则可追溯,部分设计信息可补证但尚未闭环,关键试验条件无法追溯或数据版本无法确认,研发/质量
G1 独立复现,成熟延缓效应是否跨批次稳定,至少两个独立采收批次；预先指定主要终点、最小有意义差异和统计方案,主要终点方向一致且效应区间达到预设标准，无明显基线失衡,效应方向一致但不确定性仍大，追加批次,效应反转、仅单指标驱动或严重基线失衡,研发/统计
G2 冷链转化,常温结果能否转化为冷链和到货表现,温度×处理交互试验；硬度、TSS、酸、腐烂、失重、感官、运输耐受和可售窗口,冷链条件下仍获得可操作的窗口增益且无质量代价,窗口增益有限或存在温度依赖，调整工艺,冷链下无效或风味、腐烂、运输风险恶化,冷链/质量/研发
G3 合规闭环,具体产品与用途是否具备合法使用路径,有效登记证、核准标签、使用范围与方法、残留与检测方案、属地监管确认,全部资料经法规与质量部门书面确认,产品或用途尚待核查，仅限受控研发,无法获得合法使用依据或风险不可接受,法规/质量
G4 运营可控,处理能否稳定嵌入分选、仓储和追溯流程,SOP、人员防护、设备能力、批次追溯、废液处置、处理均一性和异常处置记录,关键过程参数受控且批次记录完整,局部偏差可通过SOP和设备优化纠正,处理均一性或追溯无法保证,运营/仓储/质量
G5 经济验证,收益能否覆盖完整增量成本且不转移风险,试点真实处理量、可售窗口、报损折价、退货客诉、价格差、变动和固定成本,经实际试点复算后达到企业预设收益门槛，且投诉与退货不恶化,净价值接近门槛，需缩小范围或优化成本,成本持续高于可验证收益或渠道风险上升,品类经营/财务/质量
